<?xml version="1.0" encoding="UTF-8"?>
<beans xmlns="http://www.springframework.org/schema/beans"
	xmlns:context="http://www.springframework.org/schema/context" xmlns:p="http://www.springframework.org/schema/p"
	xmlns:aop="http://www.springframework.org/schema/aop" xmlns:tx="http://www.springframework.org/schema/tx"
	xmlns:xsi="http://www.w3.org/2001/XMLSchema-instance"
	xsi:schemaLocation="http://www.springframework.org/schema/beans http://www.springframework.org/schema/beans/spring-beans-4.0.xsd
	http://www.springframework.org/schema/context http://www.springframework.org/schema/context/spring-context-4.0.xsd
	http://www.springframework.org/schema/aop http://www.springframework.org/schema/aop/spring-aop-3.0.xsd 
	http://www.springframework.org/schema/tx http://www.springframework.org/schema/tx/spring-tx-3.0.xsd
	http://www.springframework.org/schema/util http://www.springframework.org/schema/util/spring-util-4.0.xsd">


	<!-- <context:annotation-config/> -->
  	<!-- 扫描包起始位置 -->
    <context:component-scan base-package="com.winchampion.credit.pure.oracle" />
    
    <context:property-placeholder ignore-unresolvable="true" location="classpath:mybatis-spring/jeesite.properties"/>
    
    <!-- 数据源配置, 使用 BoneCP 数据库连接池 -->
	<bean id="dataSource" class="com.alibaba.druid.pool.DruidDataSource" init-method="init" destroy-method="close"> 
	    <!-- 数据源驱动类可不写，Druid默认会自动根据URL识别DriverClass -->
	    <property name="driverClassName" value="${oracle.jdbc.driver}" />
	    
		<!-- 基本属性 url、user、password -->
		<property name="url" value="${oracle.jdbc.url}" />
		<property name="username" value="${oracle.jdbc.username}" />
		<property name="password" value="${oracle.jdbc.password}" />
		
		<!-- 配置初始化大小、最小、最大 -->
		<property name="initialSize" value="${jdbc.pool.init}" />
		<property name="minIdle" value="${jdbc.pool.minIdle}" /> 
		<property name="maxActive" value="${jdbc.pool.maxActive}" />
		
		<!-- 配置获取连接等待超时的时间 -->
		<property name="maxWait" value="60000" />
		
		<!-- 配置间隔多久才进行一次检测，检测需要关闭的空闲连接，单位是毫秒 -->
		<property name="timeBetweenEvictionRunsMillis" value="60000" />
		
		<!-- 配置一个连接在池中最小生存的时间，单位是毫秒 -->
		<property name="minEvictableIdleTimeMillis" value="300000" />
		<property name="validationQuery" value="${jdbc.testSql}" />
		<property name="testWhileIdle" value="true" />
		<property name="testOnBorrow" value="false" />
		<property name="testOnReturn" value="false" />
		<!-- 配置监控统计拦截的filters -->
	    <property name="filters" value="stat" /> 
	</bean>
	
	<bean id="sqlSessionFactory" class="org.mybatis.spring.SqlSessionFactoryBean">
		<property name="dataSource" ref="dataSource" />
		<property name="configLocation" value="classpath:/mybatis-spring/mybatis-config.xml" />
		<property name="typeAliasesPackage" value="com.winchampion.credit.pure.oracle"/>
        <property name="mapperLocations" value="classpath:/oracle_mappings/**/*.xml"/>
	</bean>
	
	<!-- 代理dao层接口实现类 -->
	<bean class="org.mybatis.spring.mapper.MapperScannerConfigurer">
	  <property name="basePackage" value="com.winchampion.credit.pure.oracle"/>
	   <property name="sqlSessionFactoryBeanName" value="sqlSessionFactory" /> 
	</bean>
    
	<!-- aop 事务 start -->
		<bean id="transactionManager" class="org.springframework.jdbc.datasource.DataSourceTransactionManager">
			<property name="dataSource" ref="dataSource"></property>
		</bean>
		<!-- 方式一 -->
		<!-- <tx:advice transaction-manager="transactionManager" id="transactionId">
			<tx:attributes>
				<tx:method name="" isolation="DEFAULT" propagation="REQUIRED"/>
			</tx:attributes>
		</tx:advice>
		<aop:config>
			<aop:pointcut expression="execution(public * com.winchampion.credit.pure.aop.xml.Boy.sing(..))" id="serviceMethod"/>
			<aop:advisor advice-ref="transactionId" pointcut-ref="serviceMethod"/>
		</aop:config> -->
		
		<!-- 方式二 -->
		<tx:annotation-driven transaction-manager="transactionManager" proxy-target-class="true"/>
	<!-- aop 事务 end -->
</beans>