<?xml version="1.0" encoding="UTF-8"?>
<beans xmlns="http://www.springframework.org/schema/beans"
	xmlns:context="http://www.springframework.org/schema/context" xmlns:p="http://www.springframework.org/schema/p"
	xmlns:aop="http://www.springframework.org/schema/aop" xmlns:tx="http://www.springframework.org/schema/tx"
	xmlns:xsi="http://www.w3.org/2001/XMLSchema-instance"
	xmlns:cache="http://www.springframework.org/schema/cache"
	xsi:schemaLocation="http://www.springframework.org/schema/beans http://www.springframework.org/schema/beans/spring-beans-4.0.xsd
	http://www.springframework.org/schema/context http://www.springframework.org/schema/context/spring-context-4.0.xsd
	http://www.springframework.org/schema/aop http://www.springframework.org/schema/aop/spring-aop-3.0.xsd 
	http://www.springframework.org/schema/tx http://www.springframework.org/schema/tx/spring-tx-3.0.xsd
	http://www.springframework.org/schema/util http://www.springframework.org/schema/util/spring-util-4.0.xsd
	http://www.springframework.org/schema/cache http://www.springframework.org/schema/cache/spring-cache.xsd">

	<description>redis、spring集成配置</description>
	
	 <context:component-scan base-package="com.winchampion.credit.pure.redis" />

	 <!--载入 redis 配置文件-->
    <context:property-placeholder location="classpath:redis/redis.properties" ignore-unresolvable="true"/>
    
     <!-- 配置 JedisPoolConfig 实例 -->
    <bean id="jedisPoolConfig" class="redis.clients.jedis.JedisPoolConfig">
    	<property name="maxIdle" value="${redis.maxIdle}"/>
        <property name="maxTotal" value="${redis.maxActive}"/>
        <property name="maxWaitMillis" value="${redis.maxWait}"/>
        <property name="testOnBorrow" value="${redis.testOnBorrow}"/>
    </bean> 	
    
    <!-- 配置JedisConnectionFactory -->
    <bean id="jedisConnectionFactory" class="org.springframework.data.redis.connection.jedis.JedisConnectionFactory">
        <property name="hostName" value="${redis.host}"/>
        <property name="port" value="${redis.port}"/>
        <!-- <property name="password" value="${redis.password}"/> -->
        <property name="database" value="${redis.dbIndex}"/>
        <property name="poolConfig" ref="jedisPoolConfig"/>
    </bean>
    
     <!-- 配置RedisTemplate -->
    <bean id="redisTemplate" class="org.springframework.data.redis.core.RedisTemplate">
        <property name="connectionFactory" ref="jedisConnectionFactory"/>
    </bean>
    
    <!-- 配置RedisCacheManager -->
    <bean id="redisCacheManager" class="org.springframework.data.redis.cache.RedisCacheManager">
        <constructor-arg name="redisOperations" ref="redisTemplate"/>
        <property name="defaultExpiration" value="${redis.expiration}"/>
    </bean>
    
    <cache:annotation-driven cache-manager="redisCacheManager" proxy-target-class="true"/>

</beans>